{
  "started_at_unix": 1777831924.6978679,
  "gpu_name": "Tesla T4",
  "stages": [
    "stage_1"
  ],
  "restore_checkpoint_dir": null,
  "force_cpu": false,
  "finished_at_unix": 1777832457.3393908,
  "wallclock_sec": 532.6415228843689,
  "stage_summaries": [
    {
      "stage_name": "stage_1",
      "env_name": "Go2JoystickFlatTerrain",
      "backend_impl": "jax",
      "num_progress_events": 5,
      "final_metrics": {
        "eval/walltime": 169.69576334953308,
        "training/sps": 886994.9472526342,
        "training/walltime": 206.37293195724487,
        "training/entropy_loss": 0.1006891131401062,
        "training/kl_mean": 0.03829169273376465,
        "training/learning_rate": 0.00029999998514540493,
        "training/policy_dist_max_loc": 2.2680234909057617,
        "training/policy_dist_max_std": 1.1678390502929688,
        "training/policy_dist_mean_loc": 0.18397969007492065,
        "training/policy_dist_mean_std": 0.1287747621536255,
        "training/policy_dist_min_loc": -1.7589443922042847,
        "training/policy_dist_min_std": 0.05924578383564949,
        "training/policy_loss": -0.0022936989553272724,
        "training/total_loss": 0.0984969437122345,
        "training/v_loss": 0.00010153010225621983,
        "eval/episode_reward": 29.66535186767578,
        "eval/episode_reward/action_rate": -10.654101371765137,
        "eval/episode_reward/ang_vel_xy": -17.101215362548828,
        "eval/episode_reward/dof_pos_limits": 0.0,
        "eval/episode_reward/energy": -73.34384155273438,
        "eval/episode_reward/feet_air_time": 0.15026551485061646,
        "eval/episode_reward/feet_clearance": -206.3064422607422,
        "eval/episode_reward/feet_height": -15.111028671264648,
        "eval/episode_reward/feet_slip": -6.785694122314453,
        "eval/episode_reward/lin_vel_z": -3.0096898078918457,
        "eval/episode_reward/orientation": -11.667950630187988,
        "eval/episode_reward/pose": 456.20001220703125,
        "eval/episode_reward/stand_still": -17.295488357543945,
        "eval/episode_reward/termination": 0.0,
        "eval/episode_reward/torques": -11.167407989501953,
        "eval/episode_reward/tracking_ang_vel": 468.82379150390625,
        "eval/episode_reward/tracking_lin_vel": 930.3731689453125,
        "eval/episode_swing_peak": 9.784857749938965,
        "eval/episode_reward_std": 2.645650625228882,
        "eval/episode_reward/action_rate_std": 1.8753148317337036,
        "eval/episode_reward/ang_vel_xy_std": 3.7357635498046875,
        "eval/episode_reward/dof_pos_limits_std": 0.0,
        "eval/episode_reward/energy_std": 33.65298080444336,
        "eval/episode_reward/feet_air_time_std": 0.4733898341655731,
        "eval/episode_reward/feet_clearance_std": 62.73207473754883,
        "eval/episode_reward/feet_height_std": 4.941477298736572,
        "eval/episode_reward/feet_slip_std": 3.407971143722534,
        "eval/episode_reward/lin_vel_z_std": 1.002912998199463,
        "eval/episode_reward/orientation_std": 6.521417617797852,
        "eval/episode_reward/pose_std": 11.270655632019043,
        "eval/episode_reward/stand_still_std": 104.68504333496094,
        "eval/episode_reward/termination_std": 0.0,
        "eval/episode_reward/torques_std": 1.0560520887374878,
        "eval/episode_reward/tracking_ang_vel_std": 4.229241371154785,
        "eval/episode_reward/tracking_lin_vel_std": 24.67902374267578,
        "eval/episode_swing_peak_std": 5.3542094230651855,
        "eval/avg_episode_length": 1000.0,
        "eval/std_episode_length": 0.0,
        "eval/epoch_eval_time": 3.9342234134674072,
        "eval/sps": 32535.01048309503
      },
      "latest_checkpoint": "/content/go2_course_repo/artifacts/run_final/stage_1/checkpoints/000013107200",
      "selected_checkpoint_source": "/content/go2_course_repo/artifacts/run_final/stage_1/checkpoints/000013107200",
      "selected_checkpoint_export": "/content/go2_course_repo/artifacts/run_final/best_checkpoint",
      "selected_checkpoint_manifest": {
        "selection_method": "best_eval_reward",
        "selected_step": 13107200,
        "selected_eval_reward": 29.555755615234375,
        "source_checkpoint_dir": "/content/go2_course_repo/artifacts/run_final/stage_1/checkpoints/000013107200",
        "exported_checkpoint_dir": "/content/go2_course_repo/artifacts/run_final/best_checkpoint",
        "exported_at_unix": 1777832457.3304985
      },
      "compile_time_sec": 171.48757931699947,
      "train_time_sec": 350.50031498500084
    }
  ]
}