{
  "num_steps": 13107200,
  "metrics": {
    "eval/walltime": 164.90639090538025,
    "training/sps": 885795.3568476066,
    "training/walltime": 203.61317610740662,
    "training/entropy_loss": 0.07261531054973602,
    "training/kl_mean": 0.03891664370894432,
    "training/learning_rate": 0.00029999998514540493,
    "training/policy_dist_max_loc": 2.6568045616149902,
    "training/policy_dist_max_std": 2.1397957801818848,
    "training/policy_dist_mean_loc": 0.1711912751197815,
    "training/policy_dist_mean_std": 0.16842561960220337,
    "training/policy_dist_min_loc": -1.8289943933486938,
    "training/policy_dist_min_std": 0.07196547836065292,
    "training/policy_loss": -0.007731334306299686,
    "training/total_loss": 0.0652572363615036,
    "training/v_loss": 0.00037326232995837927,
    "eval/episode_reward": 23.232982635498047,
    "eval/episode_reward/action_rate": -24.069808959960938,
    "eval/episode_reward/ang_vel_xy": -34.08567810058594,
    "eval/episode_reward/dof_pos_limits": 0.0,
    "eval/episode_reward/energy": -112.71849822998047,
    "eval/episode_reward/feet_air_time": -0.05081258341670036,
    "eval/episode_reward/feet_clearance": -207.5447998046875,
    "eval/episode_reward/feet_height": -17.748538970947266,
    "eval/episode_reward/feet_slip": -9.373472213745117,
    "eval/episode_reward/lin_vel_z": -3.3175668716430664,
    "eval/episode_reward/orientation": -17.457538604736328,
    "eval/episode_reward/pose": 448.5586853027344,
    "eval/episode_reward/stand_still": -35.742401123046875,
    "eval/episode_reward/termination": -0.0390625,
    "eval/episode_reward/torques": -11.931175231933594,
    "eval/episode_reward/tracking_ang_vel": 411.32666015625,
    "eval/episode_reward/tracking_lin_vel": 762.4619140625,
    "eval/episode_swing_peak": 9.91334342956543,
    "eval/episode_reward_std": 5.275481224060059,
    "eval/episode_reward/action_rate_std": 7.313477516174316,
    "eval/episode_reward/ang_vel_xy_std": 16.217453002929688,
    "eval/episode_reward/dof_pos_limits_std": 0.0,
    "eval/episode_reward/energy_std": 57.17098617553711,
    "eval/episode_reward/feet_air_time_std": 0.7804185152053833,
    "eval/episode_reward/feet_clearance_std": 69.5854263305664,
    "eval/episode_reward/feet_height_std": 8.744889259338379,
    "eval/episode_reward/feet_slip_std": 7.111826419830322,
    "eval/episode_reward/lin_vel_z_std": 1.602830171585083,
    "eval/episode_reward/orientation_std": 15.366183280944824,
    "eval/episode_reward/pose_std": 47.37002182006836,
    "eval/episode_reward/stand_still_std": 110.91690063476562,
    "eval/episode_reward/termination_std": 0.19374370574951172,
    "eval/episode_reward/torques_std": 1.5338244438171387,
    "eval/episode_reward/tracking_ang_vel_std": 74.82856750488281,
    "eval/episode_reward/tracking_lin_vel_std": 199.4170379638672,
    "eval/episode_swing_peak_std": 6.950796127319336,
    "eval/avg_episode_length": 983.7578125,
    "eval/std_episode_length": 94.73818969726562,
    "eval/epoch_eval_time": 3.889211654663086,
    "eval/sps": 32911.55415687665
  }
}