{
  "stage_name": "stage_2",
  "env_name": "Go2JoystickFlatTerrain",
  "backend_impl": "jax",
  "num_progress_events": 5,
  "final_metrics": {
    "eval/walltime": 168.88985395431519,
    "training/sps": 884521.3535725339,
    "training/walltime": 206.64813113212585,
    "training/entropy_loss": 0.0778120905160904,
    "training/kl_mean": 0.038726210594177246,
    "training/learning_rate": 0.00029999998514540493,
    "training/policy_dist_max_loc": 2.4256539344787598,
    "training/policy_dist_max_std": 1.826715350151062,
    "training/policy_dist_mean_loc": 0.17741891741752625,
    "training/policy_dist_mean_std": 0.16150572896003723,
    "training/policy_dist_min_loc": -1.6914376020431519,
    "training/policy_dist_min_std": 0.07331523299217224,
    "training/policy_loss": -0.0076851192861795425,
    "training/total_loss": 0.07049109041690826,
    "training/v_loss": 0.00036412576446309686,
    "eval/episode_reward": 23.6532039642334,
    "eval/episode_reward/action_rate": -22.26078224182129,
    "eval/episode_reward/ang_vel_xy": -30.814517974853516,
    "eval/episode_reward/dof_pos_limits": 0.0,
    "eval/episode_reward/energy": -107.91705322265625,
    "eval/episode_reward/feet_air_time": 0.08074986934661865,
    "eval/episode_reward/feet_clearance": -196.87307739257812,
    "eval/episode_reward/feet_height": -15.673891067504883,
    "eval/episode_reward/feet_slip": -7.823003768920898,
    "eval/episode_reward/lin_vel_z": -3.157888889312744,
    "eval/episode_reward/orientation": -16.990812301635742,
    "eval/episode_reward/pose": 444.4024353027344,
    "eval/episode_reward/stand_still": -42.17878723144531,
    "eval/episode_reward/termination": -0.0390625,
    "eval/episode_reward/torques": -11.679844856262207,
    "eval/episode_reward/tracking_ang_vel": 419.7835998535156,
    "eval/episode_reward/tracking_lin_vel": 763.6361083984375,
    "eval/episode_swing_peak": 10.905941009521484,
    "eval/episode_reward_std": 5.188238143920898,
    "eval/episode_reward/action_rate_std": 6.872182369232178,
    "eval/episode_reward/ang_vel_xy_std": 14.301443099975586,
    "eval/episode_reward/dof_pos_limits_std": 0.0,
    "eval/episode_reward/energy_std": 55.66285705566406,
    "eval/episode_reward/feet_air_time_std": 0.7961550354957581,
    "eval/episode_reward/feet_clearance_std": 65.50624084472656,
    "eval/episode_reward/feet_height_std": 8.696019172668457,
    "eval/episode_reward/feet_slip_std": 6.265159606933594,
    "eval/episode_reward/lin_vel_z_std": 1.6802877187728882,
    "eval/episode_reward/orientation_std": 12.929093360900879,
    "eval/episode_reward/pose_std": 45.249977111816406,
    "eval/episode_reward/stand_still_std": 133.39732360839844,
    "eval/episode_reward/termination_std": 0.19374370574951172,
    "eval/episode_reward/torques_std": 1.6052627563476562,
    "eval/episode_reward/tracking_ang_vel_std": 68.6402816772461,
    "eval/episode_reward/tracking_lin_vel_std": 197.6771240234375,
    "eval/episode_swing_peak_std": 7.61224365234375,
    "eval/avg_episode_length": 986.8359375,
    "eval/std_episode_length": 92.34165954589844,
    "eval/epoch_eval_time": 3.8971433639526367,
    "eval/sps": 32844.57050873729
  },
  "latest_checkpoint": "/content/go2_course_repo/artifacts/run_final/stage_2/checkpoints/000013107200",
  "selected_checkpoint_source": "/content/go2_course_repo/artifacts/run_final/stage_2/checkpoints/000013107200",
  "selected_checkpoint_export": "/content/go2_course_repo/artifacts/run_final/best_checkpoint",
  "selected_checkpoint_manifest": {
    "selection_method": "best_eval_reward",
    "selected_step": 13107200,
    "selected_eval_reward": 23.232982635498047,
    "source_checkpoint_dir": "/content/go2_course_repo/artifacts/run_final/stage_2/checkpoints/000013107200",
    "exported_checkpoint_dir": "/content/go2_course_repo/artifacts/run_final/best_checkpoint",
    "exported_at_unix": 1777833013.0116394
  },
  "compile_time_sec": 171.801223423,
  "train_time_sec": 347.32649188600044
}