{
  "num_steps": 13107200,
  "metrics": {
    "eval/walltime": 166.60837507247925,
    "training/sps": 881279.7009166302,
    "training/walltime": 205.25714802742004,
    "training/entropy_loss": 0.09749722480773926,
    "training/kl_mean": 0.0369095504283905,
    "training/learning_rate": 0.00029999998514540493,
    "training/policy_dist_max_loc": 2.32034969329834,
    "training/policy_dist_max_std": 1.063828706741333,
    "training/policy_dist_mean_loc": 0.18200016021728516,
    "training/policy_dist_mean_std": 0.1322430968284607,
    "training/policy_dist_min_loc": -1.5508148670196533,
    "training/policy_dist_min_std": 0.06412826478481293,
    "training/policy_loss": -0.002330225892364979,
    "training/total_loss": 0.09526308625936508,
    "training/v_loss": 9.609117842046544e-05,
    "eval/episode_reward": 29.555755615234375,
    "eval/episode_reward/action_rate": -11.308533668518066,
    "eval/episode_reward/ang_vel_xy": -19.371532440185547,
    "eval/episode_reward/dof_pos_limits": 0.0,
    "eval/episode_reward/energy": -77.96322631835938,
    "eval/episode_reward/feet_air_time": 0.16732800006866455,
    "eval/episode_reward/feet_clearance": -207.48092651367188,
    "eval/episode_reward/feet_height": -15.413912773132324,
    "eval/episode_reward/feet_slip": -7.265538215637207,
    "eval/episode_reward/lin_vel_z": -2.9395787715911865,
    "eval/episode_reward/orientation": -10.862525939941406,
    "eval/episode_reward/pose": 464.20867919921875,
    "eval/episode_reward/stand_still": -16.031024932861328,
    "eval/episode_reward/termination": 0.0,
    "eval/episode_reward/torques": -11.247055053710938,
    "eval/episode_reward/tracking_ang_vel": 467.42193603515625,
    "eval/episode_reward/tracking_lin_vel": 925.7649536132812,
    "eval/episode_swing_peak": 10.423577308654785,
    "eval/episode_reward_std": 2.6714868545532227,
    "eval/episode_reward/action_rate_std": 2.12821364402771,
    "eval/episode_reward/ang_vel_xy_std": 4.591018199920654,
    "eval/episode_reward/dof_pos_limits_std": 0.0,
    "eval/episode_reward/energy_std": 37.00804901123047,
    "eval/episode_reward/feet_air_time_std": 0.48735469579696655,
    "eval/episode_reward/feet_clearance_std": 63.817962646484375,
    "eval/episode_reward/feet_height_std": 5.252148151397705,
    "eval/episode_reward/feet_slip_std": 3.482974052429199,
    "eval/episode_reward/lin_vel_z_std": 1.1320749521255493,
    "eval/episode_reward/orientation_std": 5.454573154449463,
    "eval/episode_reward/pose_std": 9.792991638183594,
    "eval/episode_reward/stand_still_std": 98.22329711914062,
    "eval/episode_reward/termination_std": 0.0,
    "eval/episode_reward/torques_std": 1.082479476928711,
    "eval/episode_reward/tracking_ang_vel_std": 3.9112637042999268,
    "eval/episode_reward/tracking_lin_vel_std": 23.67070198059082,
    "eval/episode_swing_peak_std": 5.932728290557861,
    "eval/avg_episode_length": 1000.0,
    "eval/std_episode_length": 0.0,
    "eval/epoch_eval_time": 3.894247531890869,
    "eval/sps": 32868.994318357836
  }
}